{"cameraMode":{"drawMode":0,"name":"Shaded","section":"Shading Mode"},"sceneLighting":true,"audioPlay":false,"sceneViewState":{"showFog":true,"showMaterialUpdate":false,"showSkybox":true,"showFlares":true,"showImageEffects":true,"showParticleSystems":true},"in2DMode":false,"pivot":{"x":10.978464126586914,"y":-42.856544494628909,"z":-0.05046367645263672},"rotation":{"x":0.20435717701911927,"y":0.7687402963638306,"z":-0.2975557744503021,"w":0.5279591083526611},"size":11.411661148071289,"orthographic":false}