{"cameraMode":{"drawMode":0,"name":"Shaded","section":"Shading Mode"},"sceneLighting":true,"audioPlay":false,"sceneViewState":{"showFog":true,"showMaterialUpdate":false,"showSkybox":true,"showFlares":true,"showImageEffects":true,"showParticleSystems":true},"in2DMode":false,"pivot":{"x":-58.99439239501953,"y":-146.43896484375,"z":11.80272388458252},"rotation":{"x":0.4508473873138428,"y":-0.5080068111419678,"z":0.3557853102684021,"w":0.6420862674713135},"size":119.56244659423828,"orthographic":false}